AIzaSyA0bUrPbt35bE-XPQuAXzjmv1lF5PiGP3Y,https://github.com//timroesner/BayPass/blob/487e2b36aa0653ef303c01179d41fc6f7c653c31/JSON%20-%20Samples/lime.json
AIzaSyD0aYtYZNFyWbHm0GHd38njnmZT6IRQEXs,https://github.com//MattHazard/Search-Engine/blob/6c64267e02de80730869415b450693bfbb5f5f63/DEV/www_cs_uci_edu/f24d8b8e4b99f75540dd6283dee429a483e28ab5324b5784ac421488fa14a33c.json
AIzaSyDhwIcLNkPr2sAEyp3CK9-DwBESrM-H7kk,https://github.com//jshacks/jshacks2018-auto-ecomm-testbot/blob/a89ed23dfa6485319d05f89384c98feeb6a86616/data/lighthouse/piatameseriasilor-ro.json
AIzaSyDPAds-G8zjbtCxCC19dH2o_voVQIEjg7o,https://github.com//Garth619/lawyer-directory--just-lawyers/blob/7137b652a0241b15dc7f6cf951dfccea2e46dced/ilawsuit.rtfd/TXT.rtf
AIzaSyC-wBVG1XfQBk_ytrA0CVsBTLOYE2QULjs,https://github.com//TchidahNdiaye/Web-scraping/blob/1c917d4e039b719efb93c995b31baa040ad156e5/theses.fr%20180%20thesis%20data%20scraping/PageInd/2016SACLH013.txt
AIzaSyAiXBtTt8LMdG0bHG0ftEcUJMPL1kvyuOo,https://github.com//klin-usgs/ShakeCast_V3/blob/db90576065c1f0b0b5be123d8a6bc11bab116db6/sc/templates/new_event/email_html/default_body.txt
AIzaSyCJ6LqMv1zV5Z_-wrETyen4ltCfMubiCzI,https://github.com//looigi/wsCvCalcio/blob/450cf00d420bd22e7b694c4f848feb1a2b672f3c/cvCalcioWS/Scheletri/base_statistiche.txt
AIzaSyDdkxMGHO9GCJsX6DcJSGVASwXQH_61MMc,https://github.com//BaranAkcakaya/Sap-Abap/blob/35d99e616f4954604c7838ae363ef87b1369fe9e/SAP/map/zbaran_ornek027.txt
AIzaSyDQFuBo0WcKkSNOcdfgN7upE1X16KWw9j8,https://github.com//fffaraz/datasets/blob/9d16054673e8aeffad0a389b53103f399c3d3cdb/Programming-Subreddit-Comments/data/javascript/1390317441-1391114716.txt
AIzaSyBvXqWIcqyTVRgjXsVjDbdORcNaXHVjtOw,https://github.com//manishkhanchandani/classesrfeb/blob/3cad1800a051e69a498512fde771b3ecc0a5d245/manish/react/food_donation/readme.txt
AIzaSyD44jeJOt_sfOZp2a5EtHCsddRVttb5vCg,https://github.com//slavvy-coelho/Web-scraping-using-Beautiful-Soup/blob/ca40c27ce129f0fb2e4cd1afbc1b077bcae30171/data/11_profile.txt
AIzaSyC5kE3PjFpshQzI1eH_isjZq3tPGF-4Vq0,https://github.com//Ziggster6/GigTime/blob/c46e24c4c1bcd568b5cd0a7aaf44c7f876693b77/Gigtime/razne_datoteke_za_pomoc/home%20band%20marker.txt
AIzaSyDDQx9Q_JsWUjWyssoeEaeBGSbhvGcTyrA,https://github.com//jiminyyy/MyMVC/blob/625ca7816fa67763f901747c6da27e40ddb81bcd/MyMVC/Google(%EB%A7%B5)JavaScript%20API%20%ED%82%A4/Google(%EB%A7%B5)JavaScript%20API%20%ED%82%A4.txt
AIzaSyBmZPPk_5UyKJXVkxaZpRnwKl_91cw-ytQ,https://github.com//jfmrm/risystemMineracaodaWeb/blob/dcffa31c009b00392ef121cbf964034f24e76224/data/obesity/Association%20for%20the%20Study%20of%20Obesity:%20Home.txt
AIzaSyDsPXB88DaBsdnKwqgsiMb8vsxHYbMKQK0,https://github.com//quekai/Learning_Data_Mining_with_Python/blob/7b64f64015d5e6cdd68ecd84910f27241decd7d1/chpater10/raw/2f573a1db0025bfc2a5c12ef552ad857.txt
AIzaSyAt6vc9eTwV1yP_DusrjLr-UkTZHwoLtyw,https://github.com//7enSmile/GoogleMaps/blob/88717e81411b471523a5f750c04d3c906fc1cbeb/templates/map/test.txt
AIzaSyCH7weUXxtqb9S6W-5IQsFsuN-LQxaaDDc,https://github.com//alexgheorghies/Proiect-IP---grupa-B6---Platforma-de-gestiune-organizare-conferinta-atelier-de-lucru/blob/ec3fdb6869665c411699ddfd54cbd0b12ddd5453/Modulul%20Prezentare/Implementare/ConferenceSheet3.txt
AIzaSyD7VzxBgAwLKCG_9drFiogMdPvUptlti8M,https://github.com//ShelbyCohen/Hactivism/blob/3c5d92c071c64c4d944879e7c9cebf0f5910dfcc/data/raw/68.txt
AIzaSyCirgc_S-VK_zTueR7bgBWPOUf8qtBeeH4,https://github.com//ShelbyCohen/Hactivism/blob/3c5d92c071c64c4d944879e7c9cebf0f5910dfcc/data/raw/37.txt
AIzaSyDfv8bynd-akV_9fDKloFFLcQ1lMvQADGg,https://github.com//waelabohamza/food/blob/7e72679c5ccf9955cbee7c2812951a391390737f/informationimportant.txt
AIzaSyD_TKzDxayAtBFk5aToI6TpQ1LfC5lDajc,https://github.com//airpong/TIL/blob/f2bba7e43231f9fd7d1379d4683085810e7db922/crawling/google_place.py
AIzaSyBiulBepetV6p2prBzpL-K7ss2-b_xP5NU,https://github.com//chiouktae/project_travel/blob/7e3c6611cf7e17e568bf6d6c0bcb48b9b54ccb07/mini_project/views.py
AIzaSyDi37jwco-qKwj7kJFNsfXTnOtuQ6w8jxY,https://github.com//tal112/addressesAPI/blob/5f822db613e15630011dedc4ac60d1196c8e5d7b/gmaps.py
AIzaSyAmnJGdC-ZhVd98H3mwMRv2GU2dlv1D7IA,https://github.com//widoyo/upb_migrate/blob/24251d14edb67025aaa0350d049443e374b08572/map.py
AIzaSyBuB6NTwnsieCYE0GDLf_4BwWowtFAaFLM,https://github.com//lkrist01/Snitch/blob/afaeee32f16cfbdd368ede56e5016a8d6bb42949/covid_hackathon-master/Event_generator/geocoding_script.py
AIzaSyBPf2vVr8toXpXJ2TLInDRjWS4cLQ5tzAk,https://github.com//S73FF3N/iwedb/blob/94817320d016a7c4a6ac78364443ed6e15bc6a4a/wind_farms/views.py
AIzaSyC9ZU-fi5qltBUpC5J_P6j5CdugL7x3SqM,https://github.com//eimfach/my-notebooks/blob/c1dde379dfd82b0814b8f756a5f8c28c822e7513/python-for-everybody/geojson.py
AIzaSyB1WaJbnBJD_lCEP4VF3VX3CGH-u-ncOKU,https://github.com//oferb/tau-accessible-campus-navigation/blob/edda09e6470c61048929c5e6e9e6661e8f095daf/common/generate_map.py
AIzaSyA3aYU6UKfZkp8QfafB2WCfouPjxVrFx2A,https://github.com//AlineBuat/magic-map/blob/122013601afdd98761dcff16d13b4333f6870eae/Audio_feedback/audio_feedback.py
AIzaSyBX_xC2Jeti6f0v83GVrnzX0mvfDyZE9yc,https://github.com//somasekhar1/safeautotaxi/blob/ea45fa898c9f4ad4351b2febd41a4fa1e112229f/taxiapp/views.py
AIzaSyBVhkH3UXaTs1zNn6QCipCgwysucteT1NY,https://github.com//dchallenger/workpad/blob/6fc7aacdb72cc7269119d18e635c51007eb5178a/apps/modules/demographic/views/pages/dashboard.blade.php
AIzaSyDfjkuSkOClNZ6LWSxg_4PokCr6GNw2xUw,https://github.com//dchallenger/workpad/blob/6fc7aacdb72cc7269119d18e635c51007eb5178a/apps/modules/demographic/views/pages/dashboard.blade.php
AIzaSyB3CAbjfVnPLhhj7R-CENgvEHvGoWtVkb0,https://github.com//MatasR/gallery/blob/bec95c9e5baf5cecce45c8d9131e3b7bfcd8b0bd/resources/views/pages/about.blade.php
AIzaSyAb7d-G5Ea9j3X_haj37bSPJkSN7PpAp7I,https://github.com//sampurnonugroho/tiketslm/blob/b7b4c44e0141b8ea7e5551ed9fbac942ac955c7a/monitor/application/views/admin/maps/index.blade.php
AIzaSyAgmbaZhYCMs0ooDCmnEwkCw7Bu0I1Mhqc,https://github.com//HeshD/RP_TrackingSystem/blob/965b7f2d81e03c6bf67bbb222292a4a8e0988a17/resources/views/location.blade.php
AIzaSyBgP9NffZxolSBM7vbqTEjpShXAHtxcWb4,https://github.com//Fortigrid/dev-ats/blob/b596c056c9c822d5be3932f8dc46dcbe7c49162f/resources/views/recruitment/addetail.blade.php
AIzaSyBnRbei5qlHVY9e6OUJvesEpPTeX1pql8E,https://github.com//fahimhasan2020/rideshareciu/blob/7bcd81676c5501e28035acd100154ba210eac96c/api/resources/views/admin/index.blade.php
AIzaSyDoOLxYXBxq2qmMqU1pw3BpBtU0x77av3M,https://github.com//ranitachi/data-jalan/blob/01dc5aa8b82202b59307e1548215adb864f0a84e/resources/views/welcome.blade.php
AIzaSyA2MZzFI6Z32E52Sj4fQYcAVHWmc4--g30,https://github.com//sameeritengineer/clean/blob/cb92fd9fec0811728c7c05444c53a7124cb275c6/resources/views/manager/layouts/footer.blade.php
AIzaSyA41cF0sttrkX2sC2iwpBp5cyr6aFAIKJM,https://github.com//drdimitrov/spiders/blob/05ca90ba9339f6f67b7e2d68f363211ad80581d5/resources/views/front/statistics/country/country.blade.php
AIzaSyBiWCqUwYcKgZyvusgkFOKfop1vA2dLZnE,https://github.com//aliriaz186/dispatch/blob/41dae7e345c479fa8a82cb77ee6b27041238f555/resources/views/dashboard/new-cap.blade.php
AIzaSyCdTo1yqLgTDRIFipfnggCqsrAwSpXuRQ8,https://github.com//oan012537/srsiris/blob/0fc75f2934910cd5d43c953a6ae81596fa854995/resources/views/inc_script.blade.php
AIzaSyD8Nkl4q13z00Fid3Vh8eOp4mqVlgfcXLA,https://github.com//MustafaAlkulani/altamize/blob/95689537074ec6d659ef8b883d8f7c52997f0e16/resources/views/style/contactUs.blade.php
AIzaSyBSegGsLqW4GNNPPg2NbjlJ1uXMCoN4s1c,https://github.com//happyicesys/happyicesg/blob/c3f7fc7777a65e54ec7716a824b38a63291165b5/resources/views/partials/header_client.blade.php
AIzaSyDw9cQQsGxYkPicGbigZG1koUGRC4TAbSs,https://github.com//Rigsto/Sixside/blob/80a0593215459fa458026dff346728c605717840/resources/views/admin/settings/index.blade.php
AIzaSyB56Xh1A7HQDPQg_7HxrPTcSNnlpqYavc0,https://github.com//nishanth66/chauffeurX/blob/52df7b68d9082e8661c3389cd5b9b65428b95a5c/resources/views/advertisements/FrontEnd/adEdit.blade.php
AIzaSyCXxuaZD88IKBShrKBPezrE1dHho2hxuPs,https://github.com//ParmodRajput/tripbok/blob/53525105a2eddbb11106766c72d1a82c02f9b1d1/resources/views/includes/footer.blade.php
AIzaSyCyXHeiC9HRgVmhWkHPyBaM4bM7FC3TuGw,https://github.com//obventio56/UPCloseRV/blob/4ad2c041807e735ba5be78af986cc8282c8d0731/resources/views/search/index.blade.php
AIzaSyACitKM4wiGaWp7l9edxnXPLDpDvkudJKI,https://github.com//Shariaty/laravel-cms/blob/86353de51591655df1e519cac59c206302556160/Modules/Stores/Resources/views/add.blade.php
AIzaSyAA6eTSNtTGtTOnvOIah6c4Eimcmqd9Znc,https://github.com//Akhmadi/k50/blob/834be758a2db6023ef2317cbe83c688effb9133b/resources/views/event.blade.php
AIzaSyAywsfsOy8AVT6sAMqp_INwzXcO47PtED0,https://github.com//abdelrahmanabdo/Flexigigs/blob/9e10bc79b8e7bb5da31f1c17da977c61c4e48c08/resources/views/layouts/translationlayout.blade.php
AIzaSyDn9eQmmhf88EIDadcj0XpL55E-9PziPME,https://github.com//kjayru/funydrive/blob/b785786d4a9f7eeb08c4bf35049e9796176e0d6a/resources/views/admin/super/detallesocio.blade.php
AIzaSyAYvJI_Ul_xb9kOGHOtHJ9odVD43OcGz0s,https://github.com//Andryhsm/cclikee/blob/e08ccb85b02745d95c3eafa0021faf9d7fcc9b34/resources/views/front/customer/layout/master.blade.php
AIzaSyA-OBGAXvwI7wTNLbNT1l57Kjno8B8PK6Q,https://github.com//preetiverma123/mythela/blob/9c6690a188160c7750af98a9aee1eb119d3708ba/resources/views/front/invoices/complete-invoice.blade.php
AIzaSyB4l5_NUAQhrLtmMfNDVmpNGqThWv4fGWw,https://github.com//freelancedeveloper025/md-2.0/blob/b19b3b5f6d839b32a332a1acbd0d7e8458cbdc2d/Pro%20Leads/resources/views/campaigns/open_map.blade.php
AIzaSyCZoizgDw3-h_w_SJ3IlNjBAcnsFuco8Bw,https://github.com//Potafo/potafo_web_old/blob/ec7096a85fa9831fdcbb201f61d5aef29b8b1318/resources/views/order/order_mapload.blade.php
AIzaSyBCtrxqozj9xLkL58Frh0Gl4fiQZ_oATZI,https://github.com//gethub23/safari/blob/db72f27b1f747e31dbe190f0ae821239ce70949f/resources/views/dashboard/shared/components/scripts.blade.php
AIzaSyD4YZR4_SBmFpOKo09NnGG_BCDsR-jm6N4,https://github.com//Kantxapp/KantxApp/blob/6ef1b1d75a346c48cf687a7f5ef944f089e77da6/resources/views/events.blade.php
AIzaSyAO1xAu1wBu7NZOqNBn9aoYg-RVstm60jc,https://github.com//anjyjangid/alcold/blob/9c405aa03b717e914b3c87a6f9763a4d2a1a64ac/resources/views/frontend.blade.php
AIzaSyAYRVfogQzaISoL79obSzg0M5yAZ3sCkPA,https://github.com//tommarshallandrews/gloseventhire/blob/3d6bdaaae236d1a684f3dc56348ac7d6477dc630/resources/views/masters/header.blade.php
AIzaSyCD7jKYXhgDTka8qlsPSqNcU2HV7DCwfUs,https://github.com//nick1973/laravel-ctm/blob/7d42bc1466bb95be324c8e8778841d6aa1bf4d36/resources/views/frontend/manager/staff_search/index.blade.php
AIzaSyBC4ifOTnjExDqnT5lB6Ets0MVExftNHzI,https://github.com//nick1973/laravel-ctm/blob/7d42bc1466bb95be324c8e8778841d6aa1bf4d36/resources/views/frontend/maps.blade.php
AIzaSyDLPa4ebv6W_V4vFmD4CLd5MkLW1tXFWrk,https://github.com//maxvishnja/new_takedaily/blob/35e0cb4eca0804022a2f7e654394b74dfed349c6/resources/views/checkout/index.blade.php
AIzaSyCSbbbC8jpQwEKs830f5sGFkkITdpvoBMM,https://github.com//ahmedalmaghz/advSystem/blob/eb5cac8a8c4d0c40883dbd459fadd0fc8597a8e8/app/Application/views/website/product/add.blade.php
AIzaSyC-2U_IRuSrajQavHadFp8FlXNi61MA3nw,https://github.com//Thuzar-TS/Healthcare-Portal/blob/c04ce3958dda1833693916f5bb735ca30cce5888/resources/views/app.blade.php
AIzaSyCk3NEP3aTWe2beTuGUmKRy6_iIua3Sskg,https://github.com//cloudwalkph/Palayan/blob/52d2e13f06e4ad27ec6b8da90c7e7a8be2d05ebf/resources/views/home/homepage.blade.php
AIzaSyA410jI9jrile0OCUsyo7xUIRVtm4sw5_k,https://github.com//dombajc/laraproperty/blob/d0da433bd11e4d4827b49aea90fb7447152a252d/resources/views/online4/detail_property.blade.php
AIzaSyA4rex-LOtcQeFSS0ehXS3wczlXf_TysP8,https://github.com//chwebdev815/hooty_assets/blob/e5231d4cb4a44d2b96ce2d2e84389f8b342680e9/hootyapp/resources/views_Backup/admin/layouts/campaings_layouts.blade.php
AIzaSyBNzKeF6ZwxlAOUCyeH8UxvvYRHP_w_Guk,https://github.com//jimhub8/boxxourier/blob/6d1a23a2c18930166fc8feefa80006cdf83b9f59/resources/views/layouts/app.blade.php
AIzaSyBdmkkzqcEpQEH-NhthuXWq6Ra9vEbcCFQ,https://github.com//swap-shwetagarg/uncle/blob/c5732b071fd3d981dfc2a3a4880ea30727733e07/resources/views/includes/footer.blade.php
AIzaSyDF_ftRKK9wLcpd7NA2AadvnJCBYB25UX4,https://github.com//hokeryu318/tippzi-web/blob/e099ddee3268ede80284ea8ba92fd2273e87557d/resources/views/stage1.blade.php
AIzaSyD4aPWZJGzUv1Wi8zF8GgNdg2LQPlMjDl8,https://github.com//Gevorg618/Laravel-Structure-with-modules/blob/75288f9c819dad83cd5bad5cc1c8f9e1510d82be/resources/views/layouts/main.blade.php
AIzaSyDUO8nenuL0gE8nXFKD9QVZ0npzP_Cf6uo,https://github.com//Neyserml/webbauen/blob/6aff2f22e4bb4bb3838b7b97e6557c8dbda0e73a/transporter/resources/views/bauenfreight/shipper.blade.php
AIzaSyCIrDEXSDz0Z8QfqxYYJjGgKPHP2ods5RM,https://github.com//Neyserml/webbauen/blob/6aff2f22e4bb4bb3838b7b97e6557c8dbda0e73a/transporter/resources/views/bauenfreight/your_quote.blade.php
AIzaSyAYzQSFe_kpl4XGNUruHsH2dLXN3nXgOpY,https://github.com//bickyraj/ahic/blob/33c2e45c17b5a88762d6b009a9ba81dce74d8bb8/resources/views/front/agents.blade.php
AIzaSyC5XHJ6oNL9-qh0XsL0G74y1xbcxNGkSxw,https://github.com//realchief/Laravel_mygovnyc/blob/4ba79e235c67a7230e5fb0d86fdcec97e38a3be1/resources/views/frontend/locations.blade.php
AIzaSyDGAyiRaUhA8cntur2DvcZtcTG0VGDEer0,https://github.com//sanjayvekariya18/merchant/blob/2405695f366afb93552060589f149049f4f95f52/resources/views/eventbrite_events/index.blade.php
AIzaSyCCstbhex4F6X2-AXz3B1sR1oRvxssE3sc,https://github.com//varshaT29/TaxiVaxi_Corporate_New/blob/afc6f204b297befc3b3b69a88201ab81e3bae6d1/resources/views/landing/usertrack.blade.php
AIzaSyBD7pg71lgH5y_eGNIpVUzispD53ExiNeg,https://github.com//antontit/stspec/blob/2d09c8f478ba704ee37ffd568ee98f2830ef223a/resources/views/contact.blade.php
AIzaSyBJRdF8oMTWsiE-532dlZINEg-EmRxH0Hc,https://github.com//greenwhitecode/adf78c4508138a91472dcc053ab8eed4/blob/c16fba61e7594acd5a8e2c5c5920574a90d55d3a/resources/views/contact.blade.php
AIzaSyBKnS6lsic1YaiNsU4r-7Wucj06NbITNfQ,https://github.com//valonschunter/plantApp/blob/6a383fd8af6af2c0e2c25f41828a9d08e14695a8/resources/views/layouts/master.blade.php
AIzaSyDpj9D7dDRll2Cj-sTXzPEVwoCwx7LOjXw,https://github.com//cloudwalkph/verify-nego-api/blob/e722a710c4f39993cac77788869879c60f690d0a/resources/views/admin/tracking/show.blade.php
AIzaSyCsY5zoDVH3drpV_vvJnD2y-ZiWQbXlNxw,https://github.com//waritex/waritexVisits/blob/1aa972b8b62a91f941d2a2f9a7e81f7f8d3a7aad/resources/views/map.blade.php
AIzaSyDDXkzEIj9sB3J_ohqT0woVWqAJQiyRmAE,https://github.com//RidoySarker/Park_Any_Where/blob/ed74f4f0b973ae39094b4158e97e3a042615bc9a/resources/views/frontend/Users/RentUser/rentuser_parking_zone.blade.php
AIzaSyC1qDLZ8CXn--s1m3mFQfirZi8mI0KgMmo,https://github.com//rashmelon/construction/blob/f6ae5b0783dd41df8b0186758068f4375fa55ad4/resources/views/pages/application.blade.php
AIzaSyCf6f87GtBm3uJ25gu90mnKvtApE1CQItQ,https://github.com//FullMoonAgency/goodfor.co.nz/blob/3e3c0c3c609c5c886430f56e8d402ab677e92fa5/site/web/app/themes/GoodFor/templates/template-contact.blade.php
AIzaSyAud3CAgSUNCWBRlSZQjKz8a7M0RV7R_IA,https://github.com//btybug/frontend-test/blob/92030241cc8d17e1fc1eb235625a508ac575326d/resources/units/unit_for_google_map/demo.blade.php
AIzaSyCYSFkpHgtfdOA9WNnUOVjt2PLlBfC9xvU,https://github.com//WesleyRXavier/SistemaImobiliaria/blob/00fc8f47fd740c623ea0ef6a70b3b784979eb6e1/resources/views/web/property.blade.php
AIzaSyAVWAnZRS56JnP5Nr5otnuzg47TsmJoKBM,https://github.com//tung83/mysite/blob/456b1e4d50b6b4bf91a80d386c65618770547898/private/resources/views/front/footer.blade.php
AIzaSyC7lWHNh__FP-L8RBImAjheu9J5GbmLg5g,https://github.com//KiranvathanK/Android-app_final-project/blob/5a1df5011c0c059ef75c679cdb3b7da55ab558f0/app/src/main/java/shashi/com/driving_style/activities/MapsActivity.java
AIzaSyAyJKXE5ViV8h0J_-kvuYfbiJFCLEKd05w,https://github.com//chetanthakurgit/YoAppConsumer/blob/26c6b4597191df51d3f8c5bace84465c2f609170/mobile/src/main/java/com/isoftzone/yoappstore/activity/MapsActivity.java
AIzaSyA95JKIZi1nfDdRCpsBlDsdlTaBZ9Q-k7A,https://github.com//leozhang6/Savecity/blob/ded46de6acfa91fbb01fbe8e8fd1f57273c128dc/src/FormProcessor.java
AIzaSyBpRrFNEzBSV6otvWJ0IXyV7hP4dEQ_OgA,https://github.com//aladhims/MeetMe/blob/71db587bf9de7bda4b53bef550000fb1da9c119b/app/src/main/java/win/aladhims/meetme/Utility/PlacesUtils.java
AIzaSyBTpq2aXpU-MsCALXcmCWpNE6-hNZ11mZI,https://github.com//jacohwin/TourGuideApp/blob/493bfeb977d09db759c77f98dd0a026a03248780/app/src/main/java/com/example/tourguideapp/MapsActivity.java
AIzaSyB9JP_ayj71orucQyQnfyX9j9VOtNs-Jd8,https://github.com//AnteUlych/Repository/blob/61f3a7a39f59c368661b7f34757c07ccee519e27/bluebird/src/main/java/bird/expediter/Tracing.java
AIzaSyByHt0Rn3cnw6t-IIWO18CR0Wv0QX1v6tk,https://github.com//karthirj/Maintaining-web-search-privacy-with-Receptivity/blob/84d86633cc78894ac551c6b67f46caff8e8508b7/NEW_PERSONALISED_SEARCH/work/org/apache/jsp/jsp/admin/postings_jsp.java
AIzaSyALTsVJy_Py_INw-TFmLqdU9lGHQHiqX2k,https://github.com//amitguptapapa/Android-Application/blob/f7028f79b817a768bb558093c9dd116ce237d463/app/src/main/java/com/vis/android/Activities/General/NearbyPlaceActivity.java
AIzaSyD35_jiedymAHmWp2JcOSkrRJbHRz8TD4c,https://github.com//milind-okay/Edu_hands/blob/f315c36b35bd38c5f328ebae07c446863e6ad850/app/src/main/java/iit_dhanbad/teamrocket/alpha_cogn/MainActivity.java
AIzaSyCJsSEeJpAzMLkT-j4F2j1SxzOVJKIVabk,https://github.com//Praneet9/Skin_Disease/blob/409dbd2b438184de7c017a85f1203c8263a5f457/android/Skin/app/src/main/java/com/example/skin/services/PlacesClient.java
AIzaSyANZfglkpcpj5QcUHw-zPGloYnpeE4qiMY,https://github.com//poran200/Spring-boot-demo-template/blob/1820baa62f4e9a47f75c642543bbaaae0c41d483/src/main/java/com/example/webservice/domains/common/models/entities/pojo/LatLng.java
AIzaSyBIeFwQVoHYg8xhtLU3bd7ujWNtY3wuTnw,https://github.com//Swaggaaa/SocialBank/blob/5d005123ba3d07a0de38034d628e4c38c34420bb/app/src/main/java/me/integrate/socialbank/EventLocation.java
AIzaSyAdCKGdX3hFgu1GIXQoW1VujtWRAlkV8CA,https://github.com//gianlucascoccia/androidflexiblepermissions/blob/2e3dec190e24349d60908a4bb40dfe1ed197ef50/implementation/instrumenterSources/AFPLibrary/app/src/main/java/gssi/aq/it/afplibrary/Geocode.java
AIzaSyAB4NA8aZi1wXgKRbMN8Z5BdNm7NkI9nb0,https://github.com//waylayio/WaylayPluginsDeprecated/blob/46b79193d8760b835df1ccdd8a132ce38552084b/src/main/java/com/ai/myplugin/util/Geocoder.java
AIzaSyAvRUUySDoRz7Jep4QQb8Zkw8w_ZzDje9o,https://github.com//Bartekm1996/Invi/blob/c521607799bb69f4d97538e3715c7f79edb4c77b/app/src/main/java/com/aluminati/inventory/fragments/googleMaps/customMarker/CustomMarker.java
AIzaSyDNOPhmVtpKMZGHR9n3qmHdF3kPNiWz7gw,https://github.com//rharnls72/HappyHouse/blob/368e1333aec2bbb5e3698c2a583d71afce4abfdf/happyhousespringOri/src/main/java/com/ssafy/happyhouse/controller/FavoriteController.java
AIzaSyD89SAwZAK3SuiyF9jfckdN0OKuQOop0x8,https://github.com//duongnv1996/lian-chat-implement/blob/62f915a242b82aed6877681240be9f9892fda1d9/appLian/src/main/java/com/skynet/lian/ui/makepost/MakePostImplRemote.java
AIzaSyDfaDAjV_yzES1oxJiXWaktGuyKTzM8NcE,https://github.com//pabloviana88/reportapp/blob/29f813bf77f94d7256cf944eca9692a1cf2c234a/app/src/main/java/com/android/sga/reportapp/Fragments/FormularyFragment.java
AIzaSyAQdZy1TGztV74CiGWZ06ccWwijyLAp8bE,https://github.com//pitchhybrid/cli_cogerh/blob/a96ff352923500975aa165e2b170ace60bc0218d/src/template-src/util/CalculadorDistancia.java
AIzaSyBV7Qha3GiO1E1NmBQMkEMde5x8KKqFbrs,https://github.com//nafseerck/redlogik/blob/78e189844f932cab13279c798e46cf7d80df79a5/Redlogic/app/src/main/java/com/redlogic/utils/distance/DistanceMatrix.java
AIzaSyDpU7xzG8x9PB7iH3SyOnhzQMsLHaaNyYk,https://github.com//goldstarkyg/taxi_ride_web_mobile/blob/cb5b570342b247436349d6bb89e8712c031f0025/mobile/Android-User-Top-Ridez-master/app/src/main/java/come/texi/user/HomeActivity.java
AIzaSyBVd2D3evAh1Ip_f5nuN1P6ad-14G3Ns0g,https://github.com//ngochuy20000614/GiaoHang_Foody/blob/cc2841daf4600c776be1fb2642c977a8f3c31145/app/src/main/res/mipmap-anydpi-v26/Compressed/Foody2/app/src/main/java/com/itschool/checongbinh/foody/View/ThemQuanAnActivity.java
AIzaSyCSNQCX6UYnoiq-BSoaHRdQvmPovWRQeSY,https://github.com//ngochuy20000614/GiaoHang_Foody/blob/cc2841daf4600c776be1fb2642c977a8f3c31145/app/src/main/res/mipmap-anydpi-v26/Compressed/Foody2/app/src/main/java/com/itschool/checongbinh/foody/View/DanDuongToiQuanAnActivity.java
